dataset,month,total_claims,total_product_alerts,total_amount_requested,parts_amount_requested,labor_amount_requested,labor_to_parts_ratio,mean_time_to_failure_days,median_time_to_failure_days,date,claims,returns,part_number,description,vehicle,source,count,key,value,category,total_completed,passed,failed,passed_with_deviation,total_issues,or_issues,napa_issues,open_count,hours_spent,avg_days_to_close,total,section,problem,response
monthly_metrics,2026-03,335,15,,,,,,,,,,,,,,,,,,,,,,,,,,,,,,,
monthly_metrics,2026-04,546,27,,,,,,,,,,,,,,,,,,,,,,,,,,,,,,,
monthly_metrics,2026-05,439,20,,,,,,,,,,,,,,,,,,,,,,,,,,,,,,,
monthly_metrics,2026-06,416,22,,,,,,,,,,,,,,,,,,,,,,,,,,,,,,,
monthly_metrics,2026-07,425,20,,,,,,,,,,,,,,,,,,,,,,,,,,,,,,,
monthly_metrics,2026-08,459,19,,,,,,,,,,,,,,,,,,,,,,,,,,,,,,,
financials,2026-03,,,73998.17,3881.02,30568.60,,,,,,,,,,,,,,,,,,,,,,,,,,,,
financials,2026-04,,,114542.01,10154.90,81794.55,,,,,,,,,,,,,,,,,,,,,,,,,,,,
financials,2026-05,,,92988.15,3933.79,92988.15,,,,,,,,,,,,,,,,,,,,,,,,,,,,
financials,2026-06,,,101480.45,8882.25,92598.20,,,,,,,,,,,,,,,,,,,,,,,,,,,,
financials,2026-07,,,99968.98,9763.74,90205.24,,,,,,,,,,,,,,,,,,,,,,,,,,,,
financials,2026-08,,,108871.03,14028.27,94842.76,,,,,,,,,,,,,,,,,,,,,,,,,,,,
warranty_metrics,2026-03,,,,,,7.88:1,122.9,98.0,,,,,,,,,,,,,,,,,,,,,,,,,
warranty_metrics,2026-04,,,,,,8.05:1,126.2,,,,,,,,,,,,,,,,,,,,,,,,,,
warranty_metrics,2026-05,,,,,,23.6:1,105.5,,,,,,,,,,,,,,,,,,,,,,,,,,
warranty_metrics,2026-06,,,,,,10.4:1,140.9,65.0,,,,,,,,,,,,,,,,,,,,,,,,,
warranty_metrics,2026-07,,,,,,9.2:1,128.5,58.0,,,,,,,,,,,,,,,,,,,,,,,,,
warranty_metrics,2026-08,,,,,,6.76:1,125.9,41.0,,,,,,,,,,,,,,,,,,,,,,,,,
claims_series,,,,,,,,,,2026-08-03,62,48,,,,,,,,,,,,,,,,,,,,,,
claims_series,,,,,,,,,,2026-08-07,78,55,,,,,,,,,,,,,,,,,,,,,,
claims_series,,,,,,,,,,2026-08-12,70,60,,,,,,,,,,,,,,,,,,,,,,
claims_series,,,,,,,,,,2026-08-17,85,64,,,,,,,,,,,,,,,,,,,,,,
claims_series,,,,,,,,,,2026-08-21,74,58,,,,,,,,,,,,,,,,,,,,,,
claims_series,,,,,,,,,,2026-08-26,90,72,,,,,,,,,,,,,,,,,,,,,,
top_parts,,9,,,,,,,,,,,A60076,Precision Fuel Pump,,,,,,,,,,,,,,,,,,,,
top_parts,,8,,,,,,,,,,,A33220,Precision Fuel Pump,,,,,,,,,,,,,,,,,,,,
top_parts,,6,,,,,,,,,,,A30378,Precision Fuel Pump,,,,,,,,,,,,,,,,,,,,
top_parts,,6,,,,,,,,,,,A30440,Precision Fuel Pump,,,,,,,,,,,,,,,,,,,,
top_parts,,5,,,,,,,,,,,A30011,Precision Fuel Pump,,,,,,,,,,,,,,,,,,,,
top_parts,,5,,,,,,,,,,,A30126,Precision Fuel Pump,,,,,,,,,,,,,,,,,,,,
top_parts,,5,,,,,,,,,,,A42031,Precision Fuel Pump,,,,,,,,,,,,,,,,,,,,
top_vehicles,,,,,,,,,,,28,,,,Chevrolet Silverado 1500,,,,,,,,,,,,,,,,,,,
top_vehicles,,,,,,,,,,,24,,,,Ford F-150,,,,,,,,,,,,,,,,,,,
top_vehicles,,,,,,,,,,,16,,,,GMC Sierra 1500,,,,,,,,,,,,,,,,,,,
top_vehicles,,,,,,,,,,,14,,,,Ram 1500,,,,,,,,,,,,,,,,,,,
top_vehicles,,,,,,,,,,,12,,,,Toyota Camry,,,,,,,,,,,,,,,,,,,
top_vehicles,,,,,,,,,,,10,,,,Honda Accord,,,,,,,,,,,,,,,,,,,
top_vehicles,,,,,,,,,,,9,,,,Chevrolet Equinox,,,,,,,,,,,,,,,,,,,
top_vehicles,,,,,,,,,,,8,,,,Ford Explorer,,,,,,,,,,,,,,,,,,,
top_vehicles,,,,,,,,,,,7,,,,Jeep Grand Cherokee,,,,,,,,,,,,,,,,,,,
top_vehicles,,,,,,,,,,,6,,,,Toyota RAV4,,,,,,,,,,,,,,,,,,,
fuel_pump_returns,,,,,,,,,,,,,,,,DMA Parts,150,,,,,,,,,,,,,,,,,
fuel_pump_returns,,,,,,,,,,,,,,,,Carter Pumps,76,,,,,,,,,,,,,,,,,
executive,,,,,,,,,,,,,,,,,,raw_claim_count,459,,,,,,,,,,,,,,,
executive,,,,,,,,,,,,,,,,,,tracker_processed,314,,,,,,,,,,,,,,,
executive,,,,,,,,,,,,,,,,,,potential_liability,34425,,,,,,,,,,,,,,,
executive,,,,,,,,,,,,,,,,,,flat_rate,75,,,,,,,,,,,,,,,
executive,,,,,,,,,,,,,,,,,,claims_denied,159,,,,,,,,,,,,,,,
executive,,,,,,,,,,,,,,,,,,claims_approved,155,,,,,,,,,,,,,,,
executive,,,,,,,,,,,,,,,,,,claims_pending,145,,,,,,,,,,,,,,,
executive,,,,,,,,,,,,,,,,,,denied_labor_savings,11925,,,,,,,,,,,,,,,
executive,,,,,,,,,,,,,,,,,,department_status,yellow,,,,,,,,,,,,,,,
product_alerts,,,,,,,,,,,,,,,,,,,,,,,,,,,,8,8,2.18,19,,,
fai_categories,,,,,,,,,,,,,,,,,,,,Fuel & Lift Supports,369,216,134,19,,,,,,,,,,
fai_categories,,,,,,,,,,,,,,,,,,,,CSAs & Shocks,39,12,27,0,,,,,,,,,,
fai_categories,,,,,,,,,,,,,,,,,,,,Brake Wear Sensors,3,3,0,0,,,,,,,,,,
email_issues,2026-03,,,,,,,,,,,,,,,,,,,,,,,,22,10,12,,,,,,,
email_issues,2026-04,,,,,,,,,,,,,,,,,,,,,,,,38,22,16,,,,,,,
email_issues,2026-05,,,,,,,,,,,,,,,,,,,,,,,,32,14,18,,,,,,,
email_issues,2026-06,,,,,,,,,,,,,,,,,,,,,,,,28,10,18,,,,,,,
email_issues,2026-07,,,,,,,,,,,,,,,,,,,,,,,,30,12,18,,,,,,,
email_issues,2026-08,,,,,,,,,,,,,,,,,,,,,,,,42,16,26,,,,,,,
notes,,,,,,,,,,,,,,,,,,,,,,,,,,,,,,,,primary_achievement,Processed 314 claims in the tracking spreadsheet.,
notes,,,,,,,,,,,,,,,,,,,,,,,,,,,,,,,,critical_risk,"Data Entry Backlog & Tracking Inconsistencies. The raw O'Reilly labor claim export for August contains 459 claims, but only 314 are currently logged in the internal tracking spreadsheet, leaving a backlog of 145 unentered claims.

NAPA black label defective fuel pumps pallets; 5 pallets completed of 22. Averaging 4 hours per pallet. Another 16 pallets are scheduled to arrive soon.",
notes,,,,,,,,,,,,,,,,,,,,,,,,,,,,,,,,payout_policy,We pay a $75 flat rate for each defective part rather than the requested shop labor costs.,
notes,,,,,,,,,,,,,,,,,,,,,,,,,,,,,,,,rca,"Vehicle-Specific Failure Mode: Precision Fuel Pumps (A60076, A33220) and Complete Strut Assemblies (CSAs) represent the highest return volume. Claim comments for August frequently cite CSAs making squeaking or bad noises while going over bumps, indicating potential bearing failures in the strut mounts.

Early Life Failure: The median time for failure has decreased from 58.0 days in July to 41.0 days in August. This suggests a significant out-of-box defect rate that requires immediate investigation.",
notes,,,,,,,,,,,,,,,,,,,,,,,,,,,,,,,,recommendation,"Vendor Quality Audit: Initiate internal audits on bearing tolerances for Complete Strut Assemblies and internal pump configurations for the Precision line.

Installation Verification: With the median lifespan dropping to 41.0 days, investigate shop installation procedures to rule out external contamination or improper voltage applications during installation.",
notes,,,,,,,,,,,,,,,,,,,,,,,,,,,,,,,,product_alert_notes,"The resolution pipeline significantly improved, dropping from a 5.00-day average to a 2.18-day average for closure.",
notes,,,,,,,,,,,,,,,,,,,,,,,,,,,,,,,,quarantine,No new parts quarantined.,
notes,,,,,,,,,,,,,,,,,,,,,,,,,,,,,,,,recalls,No new recalls,
notes,,,,,,,,,,,,,,,,,,,,,,,,,,,,,,,,field_question,"Field question regarding fuel pumps: SKU C0072H. Images from another supplier, not from DMA.",
notes,,,,,,,,,,,,,,,,,,,,,,,,,,,,,,,,pallet,NAPA black label defective fuel pumps pallets; 5 pallets completed of 22. Averaging 4 hours per pallet. Another 16 pallets are scheduled to arrive soon.,
notes,,,,,,,,,,,,,,,,,,,,,,,,,,,,,,,,tech_line,"SAYS part b0085p and b0086p is what he needs but some parts are not the same, needs addtl help",B0086P is for the 3.6 engine. B0085P is for all other engines.
notes,,,,,,,,,,,,,,,,,,,,,,,,,,,,,,,,tech_line,Customer purchased C0080H and it didn't have enough pins in the connector and wouldn't work. He would like to know if C0078H would be 8 pin like their original pump.,"Yes, C0078H has 8 pins. This is for Flex Fuel. C0080H has 7 pins for gas."
notes,,,,,,,,,,,,,,,,,,,,,,,,,,,,,,,,fitment,Shock/Strut part number 34GM1188 being incorrect for the 2021 Chevrolet Camaro with a V8 6.2L engine.,Confirmed that the part does fit this application.
notes,,,,,,,,,,,,,,,,,,,,,,,,,,,,,,,,fitment,Part numbers 33JP1109 and 33JP1110 MSA do not properly fit a 2017 Jeep Compass.,"This should fit the vehicle, but due to the high warranty rate, we will purchase an OE part for the 2017 FWD limited to investigate this matter further."
notes,,,,,,,,,,,,,,,,,,,,,,,,,,,,,,,,fitment,Part number 34LX5157 (Strut and Coil Assembly) for the 2013 Lexus LS450. The store said the part number didn't fit on either side of the rear.,This fits the rear for both sides of the Lexus LS460 (2007-2017).
notes,,,,,,,,,,,,,,,,,,,,,,,,,,,,,,,,product_info,"A30028 came with a strainer, then a replacement from the DC did not. Five pumps were ordered before one included a strainer.",The pictured pump is not a DMA pump. We do not put make/years on the sticker.
